{
    "$schema": "https://schema.management.azure.com/schemas/2015-01-01/deploymentParameters.json#",
    "contentVersion": "1.0.0.0",
    "parameters": {
        "managedClusters_puntoTresAKS_name": {
            "value": null
        },
        "workspaces_DefaultWorkspace_73a9fb29_521f_4214_bb06_c27202a5e8c1_EAU_externalid": {
            "value": null
        },
        "publicIPAddresses_a42c7aad_00c1_4b92_9fe4_71ce9cfaa401_externalid": {
            "value": null
        },
        "userAssignedIdentities_puntoTresAKS_agentpool_externalid": {
            "value": null
        }
    }
}